{"cameraMode":{"drawMode":0,"name":"Shaded","section":"Shading Mode"},"sceneLighting":false,"audioPlay":false,"sceneViewState":{"showFog":true,"showMaterialUpdate":false,"showSkybox":true,"showFlares":true,"showImageEffects":true,"showParticleSystems":true},"in2DMode":false,"pivot":{"x":-6.404604911804199,"y":5.713313579559326,"z":-0.6505672931671143},"rotation":{"x":0.033987272530794147,"y":-0.9650400876998901,"z":0.2044903039932251,"w":0.16039420664310456},"size":37.727352142333987,"orthographic":false}